isMale,isStem,hallNum,fallgpa,fallcr,sprigpa,spricr,cumgpa,SAP
0,0,9,3.3499999,18,1.3299999,7,2.3399999,0
0,1,4,4,16,2.0799999,11,3.04,0
0,0,2,2.8199999,18,1.89,17,2.3499999,0
0,0,6,4,19,3.4100001,13,3.71,0
1,0,1,3.3699999,13,3.0999999,15,3.23,0
0,1,7,3.3699999,15,.76999986,18,2.0699999,0
0,0,4,4,15,2.23,14,3.1199999,0
0,0,10,3.0999999,13,1.8499999,16,2.47,0
1,0,6,3.1600001,16,3.5700002,10,3.3699999,0
1,0,6,3.3399999,9,1.04,12,2.1900001,0
0,1,9,3.1400001,16,.54000008,12,1.84,1
1,1,9,4,15,1.85,12,2.9300001,0
1,0,6,3.01,19,1.92,9,2.46,0
0,0,1,3.7,17,2.9300001,12,3.3199999,0
1,1,6,4,12,1.1799999,12,2.5899999,0
0,1,6,4,10,2.6800001,19,3.3399999,0
0,0,9,2.8299999,18,2.1999998,14,2.51,0
1,1,8,3.1199999,14,2.8799999,14,3,0
1,0,4,4,16,2.76,17,3.3800001,0
1,1,5,2.9400001,12,2.2,12,2.5699999,0
1,0,4,2.8299999,6,2.73,16,2.78,0
0,1,10,4,12,3.72,11,3.8599999,0
0,1,4,4,12,2.76,19,3.3800001,0
0,1,2,3.5599999,16,2.6099999,9,3.0799999,0
1,1,2,3.46,17,1.48,16,2.47,0
1,1,1,3.76,17,1.71,18,2.74,0
0,1,7,4,12,2.53,15,3.26,0
1,0,0,4,18,3.8,14,3.9000001,0
0,0,4,3.77,11,2.3399999,14,3.05,0
1,0,3,3.6400001,16,3.6600001,12,3.6500001,0
1,1,6,3.78,14,1.42,11,2.5999999,0
0,0,2,2.95,9,3.4100001,13,3.1800001,0
0,0,3,3.3,16,1.63,9,2.46,0
1,0,4,4,10,.73000002,18,2.3699999,0
1,0,3,3.97,13,1.0600001,11,2.52,0
0,0,5,2.8299999,12,.029999923,14,1.4299999,1
0,1,3,4,16,3.6199999,15,3.8099999,0
1,1,1,3.6400001,14,.80000013,18,2.22,0
1,1,3,2.05,16,.35999995,14,1.2,1
1,1,5,1.74,15,.51999998,13,1.13,1
1,1,0,2.6700001,16,1.59,9,2.1300001,0
0,0,5,4,14,3.01,15,3.5,0
1,0,2,4,18,2.8599999,16,3.4300001,0
1,0,9,4,8,1.7,16,2.8499999,0
1,1,8,3.45,14,3.9200001,10,3.6900001,0
1,0,10,3.5999999,19,2.3499999,17,2.97,0
1,1,5,3.6099999,13,1.7699999,14,2.6900001,0
0,0,10,4,15,2.8099999,15,3.4000001,0
1,1,6,4,18,1.6799999,17,2.8399999,0
0,0,0,3.98,10,3.97,16,3.98,0
1,0,9,3.4200001,17,3.3700001,13,3.4000001,0
0,0,6,4,13,2.6600001,14,3.3299999,0
1,1,9,2.0899999,12,.62999994,10,1.36,1
1,1,5,4,16,2.23,10,3.1199999,0
0,0,6,4,17,3.21,13,3.6099999,0
0,0,3,1.5599999,13,.69999993,10,1.13,1
1,0,4,4,18,2.22,14,3.1099999,0
0,0,7,3.5999999,16,2.1699998,12,2.8800001,0
0,0,1,2.4000001,12,1.4400001,14,1.92,1
1,1,10,3.05,15,2.27,13,2.6600001,0
1,1,3,3.02,18,2.1600001,14,2.5899999,0
1,0,5,4,9,1.9,12,2.95,0
1,0,6,3.5,15,1.77,16,2.6300001,0
0,0,4,4,9,2.55,13,3.27,0
1,0,1,3.6099999,19,1.2499999,16,2.4300001,0
0,0,2,3.29,10,2.1199999,16,2.7,0
0,0,1,1.84,9,.15000004,17,1,1
0,1,3,4,15,3.28,13,3.6400001,0
1,1,2,3.1300001,19,.8300001,13,1.98,1
0,1,3,2.8099999,15,1.6899999,15,2.25,0
1,0,9,2.8800001,16,3.2700002,16,3.0799999,0
1,1,4,2.74,12,2.0999999,13,2.4200001,0
0,1,4,3.03,15,2.46,16,2.75,0
0,0,4,3.8399999,14,2.72,18,3.28,0
0,0,5,1.9,14,.49999997,16,1.2,1
1,0,6,2.4100001,16,.5200001,11,1.47,1
0,0,3,3.02,11,1.6799999,13,2.3499999,0
0,1,5,2.6700001,16,.80000007,16,1.74,1
0,1,9,2.46,14,1.12,9,1.79,1
0,1,3,1.83,9,0,12,.92000002,1
0,1,5,4,8,1.77,17,2.8800001,0
0,1,2,2.3800001,15,.82000011,15,1.6,1
0,1,1,3.03,9,0,15,1.51,1
0,0,1,2.8099999,17,1.8699999,12,2.3399999,0
0,0,8,3.29,11,3.4200001,15,3.3599999,0
0,1,5,4,12,4,16,4,0
0,1,5,3.9300001,12,2.51,12,3.22,0
0,0,1,4,16,3.6500001,15,3.8299999,0
1,0,4,2.29,16,3.3499999,15,2.8199999,0
1,1,2,2.1199999,15,2.7199998,15,2.4200001,0
0,0,1,4,10,1.9299999,18,2.96,0
1,0,2,1.77,18,.58999997,10,1.1799999,1
1,1,6,3.71,14,3.72,16,3.72,0
1,1,5,4,12,2.74,14,3.3699999,0
0,0,2,3.49,18,2.3199999,14,2.9000001,0
1,1,10,4,12,2.29,14,3.1400001,0
0,0,9,4,14,2.75,8,3.3800001,0
0,0,10,2.3099999,18,1.51,14,1.91,1
1,0,9,3.21,12,2.5599999,15,2.8800001,0
0,1,8,3.3,14,.49999994,19,1.9,1
1,1,3,3.47,17,1.61,13,2.54,0
1,0,4,3.47,13,2.6500001,16,3.0599999,0
1,1,10,3.3499999,16,2.02,13,2.6800001,0
1,0,8,4,11,3.23,17,3.6199999,0
1,0,4,3.78,14,2.4100001,12,3.0999999,0
1,1,8,3.5899999,11,2.3499999,10,2.97,0
1,1,4,2.76,14,.75,15,1.75,1
0,1,9,2.6800001,17,1.5400001,14,2.1099999,0
1,1,7,4,10,2.97,13,3.49,0
1,1,10,4,13,4,11,4,0
1,1,1,3.4300001,13,3.1900001,13,3.3099999,0
1,0,2,3.48,18,2.5599999,13,3.02,0
1,1,6,2.5899999,12,3.0799999,16,2.8299999,0
0,0,7,4,13,3.72,13,3.8599999,0
1,1,5,2.48,12,2.3499999,18,2.4100001,0
1,0,2,3.9200001,14,2.6600001,10,3.29,0
1,1,3,4,17,3.26,14,3.6300001,0
0,1,7,4,12,1.1,9,2.55,0
0,1,6,2.2,17,0,11,1.1,1
0,0,9,4,18,2.98,14,3.49,0
0,0,5,3.21,15,1.6900001,13,2.45,0
0,0,3,3.8699999,13,1.7399999,16,2.8,0
0,0,10,4,19,3.9100001,18,3.96,0
1,1,5,3.05,15,1.5799999,14,2.3099999,0
0,1,1,3.6500001,12,1.9800001,16,2.8199999,0
0,0,5,3.25,15,1.53,8,2.3900001,0
1,1,3,3.5599999,15,3.5699999,14,3.5599999,0
0,0,4,3.54,12,1.92,14,2.73,0
0,0,4,3.01,16,2.3799999,17,2.6900001,0
1,1,7,4,17,2.6900001,19,3.3499999,0
0,0,9,4,13,.41999999,8,2.21,0
0,0,8,4,10,2.0999999,11,3.05,0
0,1,10,3.3699999,16,3.4099998,19,3.3900001,0
1,1,1,3.3499999,15,2.4299998,18,2.8900001,0
1,1,10,4,13,3.29,15,3.6400001,0
0,1,9,3.5699999,12,1.8799999,14,2.72,0
0,0,3,4,10,4,11,4,0
0,0,8,3.72,12,1.51,9,2.6199999,0
1,1,6,3.04,18,1.55,11,2.29,0
1,0,5,4,14,1.26,16,2.6300001,0
1,1,6,3.3399999,16,1.8,14,2.5699999,0
0,1,4,3.4300001,13,.77000004,16,2.0999999,0
0,0,5,3.72,19,2.4400001,12,3.0799999,0
1,0,10,3.29,15,2.1599998,16,2.72,0
1,1,2,3.0999999,14,1.5799999,17,2.3399999,0
1,1,7,3.3399999,10,2.74,15,3.04,0
1,1,8,3.77,19,3.1600001,18,3.47,0
1,1,3,3.96,9,1.47,9,2.72,0
0,1,1,4,16,3.9400001,13,3.97,0
1,1,8,3.46,19,2.8099999,14,3.1300001,0
1,0,7,3.3299999,16,3.3099999,16,3.3199999,0
0,0,7,4,16,4,12,4,0
0,1,10,4,14,2.24,12,3.1199999,0
0,0,7,3.4200001,14,1.1400001,14,2.28,0
1,1,3,4,12,3.79,17,3.8900001,0
0,1,4,3.77,12,2.47,17,3.1199999,0
1,1,9,4,16,2.6099999,18,3.3,0
0,0,7,2.7,11,2.99,15,2.8499999,0
1,1,9,3.78,11,2.7,13,3.24,0
1,0,7,4,15,2.23,17,3.1199999,0
0,0,6,4,18,3.0899999,10,3.54,0
1,0,7,3.3499999,11,2.25,15,2.8,0
0,1,0,4,16,2.74,14,3.3699999,0
1,0,3,2.49,19,2.02,10,2.25,0
1,0,6,1.74,10,0,17,.87,1
1,1,8,4,16,4,14,4,0
1,1,6,3.46,7,1.87,13,2.6700001,0
0,1,8,2.8,14,2.3199999,14,2.5599999,0
0,0,5,3.21,15,3.74,17,3.48,0
0,1,9,3.9400001,11,3.8400002,16,3.8900001,0
0,0,9,3.45,11,1.0700001,17,2.26,0
1,1,5,2.9100001,14,1.8900001,12,2.4000001,0
1,1,7,3.0699999,17,0,13,1.53,1
0,1,7,3.5799999,14,2.3799999,13,2.98,0
0,1,1,3.76,9,3.79,10,3.77,0
1,1,10,2.0599999,13,1.8099999,9,1.9299999,1
0,1,5,4,16,1.77,12,2.8800001,0
1,1,2,4,16,3.1199999,13,3.5599999,0
0,1,2,2.8599999,19,.87999988,16,1.87,1
1,0,5,4,17,3.1900001,11,3.5999999,0
1,0,8,3.26,16,1.65,9,2.45,0
1,1,1,4,14,4,13,4,0
0,1,2,2.8900001,14,2.0500002,18,2.47,0
0,1,2,3.3199999,12,1.8599999,17,2.5899999,0
1,1,10,2.48,13,.34000003,19,1.41,1
0,1,5,2.3499999,16,1.5099999,17,1.9299999,1
1,1,4,3.48,12,2.77,15,3.1300001,0
0,0,7,4,16,4,15,4,0
0,0,9,3.79,11,2.05,12,2.9200001,0
0,1,6,3.4400001,17,2.0700002,14,2.76,0
0,0,2,2.78,15,.71999997,14,1.75,1
0,0,7,3.8800001,14,2.5900002,17,3.24,0
1,1,5,4,12,2.8399999,16,3.4200001,0
1,0,10,1.98,15,.56,15,1.27,1
1,1,3,2.8299999,13,1.1199999,16,1.97,1
1,1,8,2.49,12,2.2,14,2.3499999,0
1,0,2,3.8800001,15,3.1900001,13,3.54,0
1,1,8,2.4400001,11,2,14,2.22,0
0,1,4,3.0999999,14,1.7599999,11,2.4300001,0
1,0,1,1.7,16,1.51,8,1.61,1
0,0,5,4,13,2.72,11,3.3599999,0
1,0,6,3.48,12,3.0999999,13,3.29,0
1,1,3,4,13,3.01,5,3.5,0
1,0,5,4,14,3.8,12,3.9000001,0
1,0,2,2.8900001,15,2.75,14,2.8199999,0
0,1,4,3.4200001,16,2.8700001,13,3.1500001,0
1,0,3,2.27,16,.82999998,10,1.55,1
1,1,3,2.1800001,10,1.49,16,1.84,1
1,1,6,1.1900001,13,.53000003,17,.86000001,1
0,0,9,4,13,3.0799999,13,3.54,0
0,1,10,2.73,7,2.4200001,18,2.5799999,0
1,1,9,4,12,1.88,11,2.9400001,0
0,1,3,2.98,13,2.76,13,2.8699999,0
1,1,5,2.21,12,0,16,1.11,1
0,0,10,3.3599999,10,1.7399999,17,2.55,0
1,1,9,3.4000001,16,2.5300002,17,2.97,0
1,1,5,3.0699999,13,3.7,15,3.3800001,0
0,1,5,3.6400001,18,.98000008,8,2.3099999,0
0,1,5,3.4400001,14,2.1700001,15,2.8099999,0
1,1,8,2.51,12,1.84,14,2.1800001,0
0,0,1,4,18,3.3499999,8,3.6700001,0
1,0,8,3.79,12,3.8,8,3.79,0
0,1,7,3.6099999,15,2.1999998,16,2.9000001,0
1,0,1,3.24,16,3.02,14,3.1300001,0
1,1,3,2.5,15,0,13,1.25,1
0,0,4,1.6799999,15,1.5699999,16,1.62,1
0,1,4,3.8,18,1.62,13,2.71,0
0,0,7,2.6099999,14,1.8199999,18,2.21,0
1,1,9,3.6500001,18,3.6700001,16,3.6600001,0
0,1,10,3.8299999,15,2.1799998,12,3,0
1,1,1,2.46,12,1.51,12,1.99,1
0,1,7,2.75,10,1.97,19,2.3599999,0
0,0,1,3.74,12,2.3099999,10,3.02,0
1,0,6,4,15,2.45,13,3.23,0
1,0,6,3.71,15,3.51,14,3.6099999,0
1,1,7,2.52,15,.079999983,15,1.3,1
1,1,3,3.0999999,14,2.02,16,2.5599999,0
1,1,9,3.6800001,13,1.7700001,16,2.73,0
0,0,3,2.8399999,15,.5999999,17,1.72,1
0,1,8,4,13,2.21,11,3.1099999,0
0,0,3,1.04,13,.59999996,17,.81999999,1
1,1,5,3.0899999,18,2.9299998,14,3.01,0
1,0,9,4,11,2.28,13,3.1400001,0
1,1,1,2.6500001,10,1.8400002,13,2.25,0
1,1,9,3.98,13,3.99,15,3.99,0
0,0,2,3.29,17,1.63,12,2.46,0
1,1,5,2.53,12,1.3099999,15,1.92,1
1,0,6,3.8099999,15,2.98,16,3.3900001,0
0,1,10,4,16,4,12,4,0
1,1,3,4,11,2.0699999,13,3.03,0
0,0,7,3.8399999,12,2.9499998,14,3.3900001,0
0,0,2,3.5999999,14,3.29,17,3.4400001,0
1,1,6,3.6099999,13,2.3499999,16,2.98,0
0,1,8,1.45,16,.55000007,13,1,1
1,1,0,1.51,12,0,17,.75,1
1,1,3,3.5699999,12,3.0699999,18,3.3199999,0
1,0,4,3.6400001,12,3.0300002,11,3.3399999,0
0,1,4,3.54,14,2.1199999,18,2.8299999,0
0,0,6,1.4,9,.18999998,16,.79000002,1
1,1,0,2.6600001,17,1.3000001,15,1.98,1
0,0,8,2.76,17,3.6400001,12,3.2,0
1,1,3,4,17,2.27,17,3.1300001,0
0,0,2,3.9100001,14,2.8600001,16,3.3900001,0
1,0,3,3.8800001,14,3.9400001,8,3.9100001,0
1,1,1,4,12,3.3199999,14,3.6600001,0
1,1,9,2.9200001,10,1.9400001,11,2.4300001,0
0,0,4,2.3900001,15,1.8400002,12,2.1199999,0
0,1,6,3.02,17,.69,15,1.85,1
1,1,9,4,14,3.4100001,14,3.71,0
0,1,4,4,13,2.8099999,12,3.4000001,0
0,0,3,2.1900001,12,.13000005,14,1.16,1
1,1,1,4,17,1.73,19,2.8699999,0
1,1,9,2.6300001,18,1.4600002,12,2.05,0
1,1,8,4,12,1.47,15,2.74,0
1,1,10,3.05,10,3.03,11,3.04,0
0,1,3,2.79,14,0,19,1.39,1
0,0,6,3.29,16,1.5599999,13,2.4200001,0
1,0,9,2.26,11,1.58,13,1.92,1
1,0,7,2.1400001,15,0,16,1.0700001,1
1,1,6,2.5899999,10,3.27,11,2.9300001,0
0,0,8,4,13,2.8,18,3.4000001,0
1,1,5,4,15,1.55,11,2.77,0
0,1,6,3.04,14,0,14,1.52,1
0,1,5,4,14,2.73,14,3.3699999,0
1,1,7,4,15,1.98,12,2.99,0
0,0,3,3.75,11,2.22,17,2.99,0
0,1,8,3.8299999,17,2.6199999,13,3.22,0
0,1,1,3.6400001,13,2.22,17,2.9300001,0
0,0,9,1.6799999,16,.62999994,13,1.15,1
1,0,1,1.51,10,.81999999,17,1.16,1
0,0,7,2.99,11,.88,17,1.9400001,1
1,0,6,3.01,16,1.37,14,2.1900001,0
1,1,9,1.76,18,1.58,14,1.67,1
1,0,7,2.6900001,14,2.6100001,12,2.6500001,0
0,1,1,3.45,16,2.21,13,2.8299999,0
0,1,8,3.8599999,13,3.2199998,13,3.54,0
1,1,9,3.03,7,2.0999999,14,2.5599999,0
1,1,4,2.75,15,1.84,16,2.3,0
1,1,7,3.95,17,2.1200001,6,3.04,0
1,1,3,2.0799999,17,.61999995,19,1.35,1
1,1,2,2.0899999,15,1.5899999,16,1.84,1
0,0,7,3.8199999,11,3.8199999,15,3.8199999,0
1,1,3,4,16,3.3099999,13,3.6500001,0
0,0,8,3.8299999,17,3.04,7,3.4300001,0
0,1,3,2.8900001,16,.87000012,16,1.88,1
0,0,8,2.45,17,1.1400001,10,1.8,1
1,0,4,4,9,3.97,9,3.99,0
1,0,10,3.4300001,22,3.3700001,18,3.4000001,0
0,1,10,4,13,2.6900001,11,3.3499999,0
0,0,7,4,7,3.45,15,3.73,0
0,1,4,4,11,4,12,4,0
1,1,7,2.8900001,17,1.95,16,2.4200001,0
1,1,4,3.99,17,1.46,9,2.73,0
0,1,9,2.9100001,17,1.5400001,11,2.23,0
1,1,9,2.79,19,2.8599999,9,2.8199999,0
0,1,4,4,17,3.3699999,11,3.6800001,0
1,1,5,4,12,1.74,10,2.8699999,0
1,0,2,4,17,2.1099999,12,3.05,0
0,1,4,4,17,3.02,14,3.51,0
1,1,6,3.8099999,15,1.9,11,2.8499999,0
1,1,7,4,13,3.97,13,3.99,0
1,0,6,4,12,3.3,11,3.6500001,0
1,0,10,3.3599999,15,3.3999999,13,3.3800001,0
0,0,10,3.1700001,15,.29000008,10,1.73,1
0,1,6,2.8399999,13,2.5999999,19,2.72,0
1,1,3,3.8699999,8,3.1399999,14,3.5,0
1,1,5,3.1300001,18,.25000012,11,1.6900001,1
0,1,1,2.76,11,.75,16,1.75,1
0,0,9,4,18,3.96,16,3.98,0
1,0,8,2.51,13,1.03,15,1.77,1
1,0,6,3.27,10,1.47,14,2.3699999,0
1,0,1,4,15,1.99,12,3,0
1,1,10,4,15,2.8199999,15,3.4100001,0
0,0,4,3.5599999,16,2.1900001,13,2.8800001,0
1,0,4,4,13,3.9100001,14,3.96,0
1,0,5,2.7,13,.91000003,12,1.8099999,1
1,0,5,4,11,3.97,14,3.99,0
0,0,2,3.5799999,5,1.8599999,16,2.72,0
0,1,7,4,15,1.38,15,2.6900001,0
1,0,3,3.5899999,13,3.3199999,17,3.45,0
0,0,4,2.6300001,14,2.6700001,11,2.6500001,0
1,0,6,3.0699999,16,2.4099998,13,2.74,0
0,0,9,3.46,12,2.8299999,14,3.1400001,0
0,1,9,2.9300001,14,1.95,15,2.4400001,0
0,1,7,3.48,14,1.4200001,12,2.45,0
0,0,5,3.6500001,8,3.27,18,3.46,0
1,1,6,3.8399999,18,3.3399999,12,3.5899999,0
1,1,10,3.25,18,1.02,10,2.1300001,0
0,0,8,3.7,14,2.5,12,3.0999999,0
1,0,2,3.3599999,13,2.3599999,19,2.8599999,0
0,1,7,2.51,8,.64999998,15,1.58,1
1,0,3,4,16,2.8800001,14,3.4400001,0
0,1,3,4,12,2.54,15,3.27,0
1,0,6,3.3699999,13,1.5699999,15,2.47,0
1,1,6,4,13,3.98,12,3.99,0
0,1,5,2.98,15,.32000002,14,1.65,1
1,1,8,4,14,3.3299999,11,3.6600001,0
0,1,5,2.4400001,18,0,16,1.22,1
1,0,6,2.3499999,12,.2899999,15,1.3200001,1
0,0,5,2.8399999,13,1.7399999,13,2.29,0
0,1,1,3.47,10,2.3500001,16,2.9100001,0
0,0,5,3.75,12,2.6700001,14,3.21,0
0,0,0,3.0799999,11,2.1799998,13,2.6300001,0
1,1,6,3.8399999,18,2.6799998,13,3.26,0
0,1,2,3.8099999,13,1.75,10,2.78,0
1,1,5,2.5599999,14,.54999995,11,1.55,1
0,1,5,3.5999999,12,3.02,15,3.3099999,0
0,1,1,3.54,16,.46999997,16,2,1
0,0,5,3.5,15,2.0799999,18,2.79,0
1,1,6,3.0699999,14,2.51,17,2.79,0
0,0,7,3.9200001,15,2.47,16,3.2,0
1,0,9,3.6099999,9,2.49,16,3.05,0
0,1,9,3.29,13,2.0699999,17,2.6800001,0
0,1,9,3.6600001,12,3.3500001,17,3.51,0
1,1,10,3.05,17,1.03,16,2.04,0
1,1,9,2.46,11,.62000006,11,1.54,1
1,1,6,3.9400001,12,3.9200001,11,3.9300001,0
1,1,9,3.6300001,12,.82000011,7,2.23,0
0,0,3,1.88,12,.35999998,14,1.12,1
1,0,9,3.0899999,13,2.6299999,13,2.8599999,0
0,0,4,3.02,19,1.88,14,2.45,0
0,0,10,4,12,3.51,14,3.75,0
1,1,6,3.5599999,16,2.54,10,3.05,0
1,1,3,2.45,10,1.73,15,2.0899999,0
0,0,9,4,14,1.91,16,2.95,0
0,0,3,4,15,2.1199999,17,3.0599999,0
0,1,7,3.3399999,15,.89999992,14,2.1199999,0
0,0,3,3,15,.31,12,1.66,1
1,1,9,2.04,9,0,13,1.02,1
1,1,9,4,15,4,15,4,0
0,1,1,4,15,2.95,15,3.48,0
0,0,9,4,17,1.9299999,14,2.96,0
0,0,5,3.6300001,12,3.45,13,3.54,0
1,0,6,2.72,17,1.5400001,13,2.1300001,0
0,0,5,4,15,2.1300001,18,3.0699999,0
1,0,4,4,11,3.97,17,3.99,0
0,0,3,2.8599999,10,2.3099999,17,2.5799999,0
1,1,6,3.3599999,7,1.4199998,12,2.3900001,0
0,1,1,3.3199999,15,3.27,14,3.29,0
1,1,10,2.95,9,1.74,11,2.3499999,0
0,0,9,1.33,12,1.61,12,1.47,1
1,1,5,2.52,12,1.37,16,1.9400001,1
1,1,6,2.6700001,17,.51000005,18,1.59,1
0,0,8,3.53,12,3.1800001,15,3.3599999,0
0,1,10,2.27,12,1.1799999,19,1.72,1
0,1,5,4,12,4,12,4,0
1,0,3,3.51,15,1.73,16,2.6199999,0
0,1,10,3.4200001,12,1.0400001,11,2.23,0
1,0,10,3.9200001,11,2.51,10,3.22,0
0,0,9,3.49,12,1.5600001,8,2.53,0
0,0,3,1.9400001,13,0,11,.97000003,1
0,1,1,4,16,3.5599999,15,3.78,0
0,1,6,4,18,3.1600001,13,3.5799999,0
1,1,8,3.6800001,16,1.61,18,2.6500001,0
1,0,7,3.46,9,1.1700001,14,2.3199999,0
0,1,3,1.78,14,.13999997,14,.95999998,1
1,0,2,4,19,2.8499999,9,3.4200001,0
0,1,9,3.8399999,15,3.03,12,3.4300001,0
1,0,9,1.45,12,0,14,.73000002,1
0,0,10,3.97,14,2.25,12,3.1099999,0
0,0,8,2.5999999,12,1.9899999,15,2.29,0
1,1,10,1.87,14,3.8499999,15,2.8599999,0
1,1,6,2.0899999,12,2.4599998,13,2.27,0
1,0,1,4,11,2.3699999,13,3.1800001,0
1,0,6,4,19,3.5,16,3.75,0
1,1,3,4,14,1.99,10,3,0
1,1,1,4,15,3.8199999,13,3.9100001,0
0,0,4,3.6700001,6,3.8600001,18,3.77,0
0,1,10,3.46,14,2.8700001,10,3.1700001,0
1,0,9,1.83,14,0,13,.92000002,1
0,1,2,3.3900001,14,1.4000001,17,2.4000001,0
0,0,9,3.24,15,1.74,15,2.49,0
1,1,7,3.5799999,15,2.8699999,19,3.22,0
1,0,5,4,17,2.5799999,19,3.29,0
0,1,5,3.5899999,10,2.02,15,2.8,0
1,0,5,3.3599999,15,.36999989,14,1.86,1
0,0,1,4,12,2.73,12,3.3699999,0
0,0,4,3.3900001,11,3.9300001,12,3.6600001,0
1,0,8,3.1800001,10,3.3500001,12,3.27,0
0,1,8,4,14,3.6199999,10,3.8099999,0
0,1,10,3.04,13,1.27,14,2.1500001,0
1,0,9,3.5999999,15,2.55,13,3.0699999,0
1,1,5,3.26,19,2.3299999,14,2.79,0
1,0,9,4,17,3.78,14,3.8900001,0
1,0,1,3.49,14,3.46,15,3.48,0
0,0,5,4,14,2.1400001,15,3.0699999,0
1,0,4,2.6099999,11,.70999992,15,1.66,1
0,1,4,2.6199999,15,1.0399998,12,1.83,1
0,0,3,3.6700001,16,1.7600001,13,2.72,0
1,0,9,4,11,3.1600001,10,3.5799999,0
0,1,5,2.1199999,15,1.6699998,19,1.89,1
0,0,2,4,14,2.9100001,14,3.46,0
1,0,8,2.71,16,.58000004,10,1.65,1
0,0,8,3.27,15,2.8,11,3.03,0
1,0,1,2.98,14,2.8099999,17,2.8900001,0
1,1,1,2.5999999,18,1.7799999,16,2.1900001,0
0,1,5,3.4400001,8,3.3,17,3.3699999,0
1,0,10,3.51,11,1.8199999,14,2.6600001,0
1,1,8,2.8399999,9,2.5999999,15,2.72,0
1,1,0,4,17,2.6500001,19,3.3299999,0
1,1,7,1.1900001,13,0,16,.60000002,1
0,1,1,3.79,12,3.71,18,3.75,0
1,1,4,4,17,2.53,13,3.26,0
0,1,10,2.6800001,15,2.7,13,2.6900001,0
1,1,1,3.8499999,8,3.3999999,14,3.6199999,0
0,1,8,4,15,4,19,4,0
1,1,8,4,15,3.95,9,3.98,0
0,1,7,4,10,1.72,13,2.8599999,0
0,0,3,4,14,3.6400001,12,3.8199999,0
1,1,9,3.9200001,17,2.96,11,3.4400001,0
0,0,6,.83999997,13,0,16,.41999999,1
0,0,10,3.3,12,1.8599999,12,2.5799999,0
1,0,4,4,15,2.6400001,11,3.3199999,0
0,1,3,2.2,18,0,15,1.1,1
0,0,3,3.3599999,17,.63999987,15,2,1
1,0,4,3.4300001,15,1.24,14,2.3399999,0
1,1,1,4,14,2.8699999,16,3.4300001,0
1,0,7,3.8699999,9,1.2299999,16,2.55,0
1,0,5,3.8599999,13,3.7199998,17,3.79,0
0,1,4,2.45,16,.64000005,16,1.55,1
1,1,3,2.79,10,1.5899999,12,2.1900001,0
0,1,8,3.8800001,16,2.6900001,17,3.29,0
1,0,9,3.9000001,11,3.71,16,3.8099999,0
1,1,4,2.3800001,16,.59000009,18,1.49,1
0,0,9,1.97,15,1.8100001,10,1.89,1
1,1,8,3.27,15,.42999998,14,1.85,1
1,1,7,2.77,12,2.3299999,13,2.55,0
1,1,2,2.23,15,0,15,1.12,1
0,0,9,3.5,11,1.28,14,2.3900001,0
1,0,5,2.75,10,2.8900001,19,2.8199999,0
0,1,1,3.5599999,17,2.1499999,15,2.8499999,0
1,0,2,1.98,17,.50999999,14,1.25,1
0,1,5,4,15,2.6700001,9,3.3399999,0
0,0,7,4,12,2.5699999,14,3.28,0
1,1,10,2.73,17,.67000002,17,1.7,1
0,0,1,3.8299999,14,2.4399998,17,3.1300001,0
0,1,9,3.25,17,1.84,11,2.55,0
0,0,3,4,11,2.1400001,13,3.0699999,0
0,0,7,3.4000001,16,3.3800001,11,3.3900001,0
0,1,7,3.3699999,16,1.8799999,15,2.6199999,0
0,1,6,3.79,10,2.46,15,3.1300001,0
0,0,5,1.78,16,0,9,.88999999,1
0,0,1,4,14,3.3499999,13,3.6700001,0
0,0,2,3.0999999,10,2.1599998,12,2.6300001,0
0,1,8,3.6900001,9,3.3800001,9,3.54,0
1,1,4,4,11,3.25,15,3.6300001,0
0,1,3,3.76,15,3.26,16,3.51,0
1,1,2,3.1400001,14,2.9100001,19,3.03,0
0,0,1,3.4400001,15,2.1700001,19,2.8099999,0
0,1,8,2.8900001,18,2.3200002,12,2.6099999,0
1,0,4,4,15,3.0899999,11,3.54,0
0,1,3,3.3499999,14,3.53,15,3.4400001,0
1,1,1,3.53,11,0,15,1.76,1
0,1,4,2.9200001,17,3.73,14,3.3299999,0
1,1,4,3.3399999,11,3.3299999,10,3.3299999,0
0,1,7,4,13,2.24,13,3.1199999,0
0,0,9,1.29,16,0,12,.63999999,1
0,0,9,1.77,12,1.92,14,1.84,1
1,0,3,3.5,6,1.45,16,2.48,0
1,0,3,3.6800001,12,2.6000001,18,3.1400001,0
1,0,2,2.3399999,15,.32999992,16,1.33,1
0,0,9,4,18,1.5,17,2.75,0
0,0,3,2.3099999,10,1.51,11,1.91,1
1,1,6,2.75,11,2.6300001,11,2.6900001,0
0,1,6,3.23,11,1.99,12,2.6099999,0
1,1,7,4,14,2.47,13,3.24,0
1,0,6,3.8699999,14,3.8299999,15,3.8499999,0
0,0,8,4,15,2.0699999,17,3.03,0
0,0,1,3.0899999,11,1.9799999,13,2.53,0
1,1,9,3.76,15,2.4200001,7,3.0899999,0
1,1,9,3.52,11,.94,10,2.23,0
1,1,7,2.8499999,9,1.2199999,10,2.03,0
1,0,4,2.75,15,1.78,8,2.26,0
1,0,4,3.6400001,13,3.1100001,13,3.3800001,0
0,1,2,2.7,17,2.1500001,12,2.4300001,0
0,0,1,2.02,14,1.3199999,16,1.67,1
1,0,5,3.5899999,11,3.0599999,16,3.3199999,0
0,1,10,2.51,17,2.04,15,2.27,0
0,0,10,3.1099999,14,2.6599998,15,2.8800001,0
1,0,5,3.0799999,17,.099999927,9,1.59,1
1,1,3,4,19,3.72,17,3.8599999,0
0,0,6,3.6099999,12,2.4799998,13,3.04,0
1,1,7,2.95,17,1.74,18,2.3499999,0
1,1,7,2.9200001,17,2.27,15,2.5999999,0
1,0,9,3.5699999,18,3.8499999,11,3.71,0
0,0,6,4,10,4,16,4,0
1,0,9,3.4100001,14,2.21,19,2.8099999,0
0,1,1,1.53,13,0,17,.75999999,1
1,0,0,4,12,3.52,14,3.76,0
1,1,9,4,14,2.6700001,4,3.3399999,0
1,0,5,2.0599999,15,1.2299999,11,1.64,1
0,1,6,3.6900001,14,2.8,14,3.25,0
0,0,1,3.51,17,2.8900001,18,3.2,0
1,1,6,1.77,13,0,11,.88,1
0,0,6,4,14,3.0599999,14,3.53,0
1,0,3,3.0599999,14,1.2199999,13,2.1400001,0
1,1,8,1.3200001,14,0,15,.66000003,1
0,0,6,2.01,13,.55000001,13,1.28,1
1,0,4,3.71,18,3.01,12,3.3599999,0
1,1,8,3.49,17,3.05,15,3.27,0
1,0,1,2.8399999,10,2.8999999,16,2.8699999,0
1,1,1,3.0999999,11,1.9599999,16,2.53,0
0,0,1,3.6900001,9,2.53,14,3.1099999,0
1,1,9,2.05,17,1.76,14,1.9,1
1,0,4,2.8199999,11,2.3399999,19,2.5799999,0
1,1,5,4,17,2.24,15,3.1199999,0
1,0,1,3.5,15,3.4300001,15,3.47,0
0,0,4,3.1900001,12,.13000005,17,1.66,1
1,1,2,3.6800001,15,3.6500001,13,3.6700001,0
1,1,1,3.3099999,13,.84999996,18,2.0799999,0
0,1,2,2.76,12,2.75,18,2.75,0
1,1,2,3.1300001,18,3.1700001,10,3.1500001,0
1,1,5,4,15,4,11,4,0
1,1,9,1.97,10,1.4200001,13,1.7,1
0,0,5,1.84,16,0,13,.92000002,1
0,1,3,3.53,14,3.6099999,13,3.5699999,0
1,1,3,4,17,3.3900001,19,3.7,0
1,0,10,3.8099999,12,1.9699999,14,2.8900001,0
1,1,9,2.4000001,11,0,16,1.2,1
1,0,3,3.26,9,2.1700001,13,2.72,0
1,0,1,4,14,2.95,14,3.48,0
1,1,4,2.9200001,18,2.2,14,2.5599999,0
0,1,9,3.78,17,3.2,15,3.49,0
1,0,1,3.27,16,2.76,17,3.01,0
0,1,2,2.79,14,1.51,13,2.1500001,0
1,0,4,3.51,16,1.72,16,2.6199999,0
0,0,8,4,17,1.0599999,15,2.53,0
0,0,0,1.86,15,0,11,.93000001,1
1,1,9,4,16,1.6799999,12,2.8399999,0
0,0,8,4,11,.47999999,16,2.24,0
1,1,2,3.72,13,2.4200001,9,3.0699999,0
0,0,8,2.9000001,13,2.26,16,2.5799999,0
0,0,8,4,16,2.96,9,3.48,0
0,1,2,3.75,12,2.5799999,8,3.1600001,0
1,1,4,3.9400001,10,3.9000001,18,3.9200001,0
0,1,9,1.97,14,.52000004,17,1.25,1
0,1,1,4,9,3.1300001,13,3.5699999,0
1,0,4,3.24,13,1.9300001,16,2.5899999,0
1,0,4,2.99,13,3.6900001,20,3.3399999,0
1,1,2,1.9,19,0,16,.94999999,1
1,0,6,4,11,4,13,4,0
0,0,2,2.55,14,.81999993,9,1.6799999,1
0,0,3,4,14,4,16,4,0
0,0,8,4,15,3.52,14,3.76,0
0,0,5,.54000002,14,.25000003,13,.40000001,1
0,1,1,2.27,15,0,14,1.13,1
1,0,6,4,15,2.74,13,3.3699999,0
0,0,7,4,15,3.73,17,3.8699999,0
1,0,7,2.29,9,1.3399999,17,1.8099999,1
0,1,10,3.28,13,3.6700001,10,3.48,0
1,1,9,3.8399999,11,2.23,13,3.03,0
1,1,7,3.1400001,17,1.9000001,14,2.52,0
0,0,3,3.99,14,1.91,11,2.95,0
0,1,4,4,15,2.8699999,13,3.4300001,0
1,1,8,2.28,10,1.29,13,1.78,1
0,1,7,4,15,3.1099999,17,3.55,0
0,1,1,3.79,17,2.3299999,14,3.0599999,0
0,1,9,3.2,14,2.3800001,19,2.79,0
0,1,10,4,17,2.22,11,3.1099999,0
0,1,5,2.8,13,1.4299999,13,2.1099999,0
0,0,9,3.77,13,3.79,14,3.78,0
0,0,10,2.48,13,1.29,14,1.88,1
1,0,2,4,15,3.8599999,12,3.9300001,0
0,1,9,2.6900001,9,.84000003,14,1.77,1
0,0,8,2.6300001,16,2.8200002,10,2.73,0
0,0,7,4,12,3.1099999,14,3.55,0
1,0,0,1.95,15,2.6500001,12,2.3,0
0,1,4,4,16,2.4200001,12,3.21,0
0,1,9,3.21,12,2.55,7,2.8800001,0
0,1,5,2.5599999,16,.98999995,13,1.77,1
1,0,6,2.77,16,3.5799999,16,3.1700001,0
0,1,7,1.4,11,.42999998,14,.91000003,1
0,1,4,3.3199999,10,2.3699999,15,2.8399999,0
1,0,7,2.8299999,11,.29999992,16,1.5599999,1
0,1,6,2.6600001,11,2.6300001,11,2.6500001,0
0,1,2,4,17,3.7,17,3.8499999,0
1,1,6,3.8299999,12,2.03,16,2.9300001,0
1,1,6,2.8499999,11,2.8699999,11,2.8599999,0
0,0,6,3.49,18,3.4000001,14,3.45,0
0,1,10,3.6300001,16,2.6100001,12,3.1199999,0
0,0,3,3.97,12,4,11,3.99,0
1,0,7,2.3199999,13,2.29,12,2.3,0
0,1,1,2.73,15,.59000003,18,1.66,1
1,0,8,4,10,4,13,4,0
0,1,9,3.3599999,17,1.6199999,17,2.49,0
1,0,2,4,13,2.25,18,3.1300001,0
0,1,2,4,11,2.04,15,3.02,0
1,0,8,3.4000001,12,2.24,14,2.8199999,0
0,1,6,4,10,2.9000001,15,3.45,0
1,1,8,4,16,3.9300001,14,3.97,0
0,1,1,2.48,8,0,12,1.24,1
1,1,8,3.3499999,15,2.4499998,14,2.9000001,0
1,1,5,4,18,3.48,17,3.74,0
1,1,6,3.3499999,17,1.4399999,12,2.3900001,0
1,0,1,3.3499999,17,1.8,14,2.5699999,0
1,0,3,3.8099999,15,3.6799998,18,3.74,0
1,0,10,2.45,12,.74000007,12,1.6,1
0,0,5,4,8,1.27,17,2.6300001,0
1,1,4,3.27,15,3.8099999,18,3.54,0
1,0,8,1.65,12,.13999997,11,.88999999,1
1,1,1,3.79,13,2.3699999,18,3.0799999,0
1,0,1,2.5799999,14,2.54,18,2.5599999,0
1,0,2,2.4100001,12,1.0100001,15,1.71,1
0,1,4,2.48,17,.77000004,14,1.63,1
0,1,6,3.29,15,1.48,13,2.3800001,0
1,0,5,2.3800001,9,2.1500001,18,2.27,0
0,0,2,2.6800001,10,1.5100001,13,2.0999999,0
0,0,9,2.24,18,.57999998,17,1.41,1
1,1,9,2.79,11,.62999994,16,1.71,1
0,0,5,3.3599999,13,3.5599999,19,3.46,0
1,0,5,4,17,3.04,10,3.52,0
1,0,10,3.72,13,.31000003,16,2.02,0
1,0,6,3.47,15,2.6400001,15,3.0599999,0
0,0,5,4,11,3.6600001,11,3.8299999,0
0,1,6,3.0899999,12,3.01,14,3.05,0
0,1,8,3.3800001,10,2.2700002,15,2.8299999,0
0,1,3,4,13,2.49,15,3.25,0
0,0,1,2.9200001,18,1.6600001,13,2.29,0
0,1,5,4,14,3.46,14,3.73,0
1,1,4,3.4200001,6,2.3600001,17,2.8900001,0
1,1,6,2.21,17,.68000007,11,1.45,1
0,0,6,3.5999999,13,1.4799999,14,2.54,0
1,1,9,1.71,16,1.4200001,12,1.5700001,1
1,1,4,3.75,15,2.2,5,2.98,0
1,0,5,3.1700001,12,1.9400001,14,2.5599999,0
0,0,1,3.3199999,11,1.1799999,16,2.25,0
0,1,7,4,13,1.23,8,2.6199999,0
1,1,5,3.72,16,2.73,14,3.23,0
1,1,2,1.9299999,12,1.77,12,1.85,1
1,1,3,4,14,3.8800001,14,3.9400001,0
1,0,9,3.0799999,15,.35999992,19,1.72,1
1,0,4,3.0599999,13,1.3499999,15,2.2,0
0,0,2,4,16,2.72,13,3.3599999,0
0,0,6,3.2,13,2.26,15,2.73,0
0,0,6,4,15,4,15,4,0
1,0,10,2.8299999,9,1.3699999,13,2.0999999,0
0,1,5,3.1900001,12,1.6700001,15,2.4300001,0
1,0,4,2.0599999,18,2.5,17,2.28,0
0,1,10,2.51,17,.44,9,1.47,1
0,1,2,3.21,15,3,13,3.1099999,0
0,1,5,2.3,14,.77999997,14,1.54,1
0,0,10,2.0899999,13,1.8199999,10,1.95,1
1,1,1,1.97,14,2.0699999,12,2.02,0
1,1,3,4,13,3.02,16,3.51,0
0,1,10,3.6700001,12,2.3000002,16,2.99,0
0,1,5,1.96,14,1.09,16,1.53,1
0,1,5,2.3900001,13,3.3600001,13,2.8800001,0
0,1,8,4,17,3.9400001,14,3.97,0
0,0,3,2.3499999,14,.3899999,15,1.37,1
0,0,9,3.02,11,1.42,16,2.22,0
0,0,7,2.52,14,.27999997,12,1.4,1
1,1,10,2.79,13,3.23,17,3.01,0
0,1,6,2.8900001,17,.25000012,11,1.5700001,1
1,0,7,3.8900001,17,2.73,15,3.3099999,0
1,1,4,4,16,1.28,14,2.6400001,0
1,0,8,2.29,14,2.23,13,2.26,0
0,0,4,3.1700001,15,2.4000001,15,2.79,0
1,1,1,4,18,3.3800001,11,3.6900001,0
0,0,5,3.24,17,2.51,13,2.8800001,0
0,1,4,3.7,17,2.48,17,3.0899999,0
0,1,1,2.25,15,1.34,15,1.8,1
1,1,1,2.6400001,10,.51000011,11,1.58,1
1,1,9,3.75,10,2.6199999,17,3.1800001,0
0,0,7,3.1600001,15,2.71,10,2.9400001,0
0,1,6,3.6900001,16,2.1200001,14,2.9100001,0
1,0,2,4,11,2.95,15,3.48,0
0,0,1,3.79,13,2.0999999,16,2.9400001,0
0,1,7,4,9,2.0599999,12,3.03,0
0,1,10,3.3499999,16,2.5999999,17,2.97,0
1,1,7,2.24,11,.99000001,9,1.62,1
1,0,3,3.6600001,17,2.8600001,14,3.26,0
1,0,9,2.8800001,13,1.1900001,18,2.04,0
0,0,9,4,11,1.87,10,2.9400001,0
1,0,1,2.8199999,16,1.92,11,2.3699999,0
1,1,2,3.2,11,3.47,16,3.3399999,0
1,0,6,3.27,15,2.8799999,16,3.0699999,0
0,0,8,4,17,2.5,12,3.25,0
0,1,6,3.46,13,1.4400001,16,2.45,0
0,1,0,1.86,14,1.15,14,1.5,1
1,0,8,1.63,10,2.29,14,1.96,1
0,1,7,2.5899999,11,1.9399999,11,2.26,0
1,1,3,4,13,3.6400001,17,3.8199999,0
0,0,7,2.76,13,1.05,14,1.9,1
0,0,4,4,12,2.6500001,19,3.3299999,0
0,0,2,2.0699999,19,.95999992,19,1.51,1
1,1,4,3.78,17,1.8,17,2.79,0
0,0,7,4,13,3.3499999,12,3.6700001,0
1,0,0,4,8,3.21,12,3.6099999,0
1,1,4,3.6800001,17,1.98,10,2.8299999,0
0,0,8,3.52,13,3.3499999,14,3.4300001,0
0,0,1,3.6099999,17,3.6599998,16,3.6300001,0
1,1,1,4,17,1.77,13,2.8800001,0
1,1,5,1.83,12,0,14,.92000002,1
1,0,2,2.9400001,8,.35000005,12,1.65,1
0,1,3,4,12,3.3099999,10,3.6500001,0
1,0,1,1.86,15,.71000004,13,1.29,1
1,0,5,4,11,2.47,15,3.24,0
1,1,1,3.45,14,2.9200001,14,3.1900001,0
0,1,6,3.6199999,18,2.6499999,12,3.1300001,0
0,1,4,4,14,3.98,12,3.99,0
0,0,0,3.24,10,1.5600001,15,2.4000001,0
1,0,10,4,13,4,12,4,0
1,0,6,3.8199999,12,1.9,16,2.8599999,0
1,0,7,4,12,4,14,4,0
1,0,5,2.8800001,14,1.1200001,13,2,1
0,0,3,4,9,1.71,12,2.8599999,0
1,0,2,3.05,14,1.9599999,15,2.5,0
0,0,7,3.23,9,1.4300001,12,2.3299999,0
1,1,2,3.8699999,14,3.8899999,11,3.8800001,0
0,0,1,4,13,2.45,14,3.23,0
0,1,1,4,17,3.05,18,3.52,0
0,0,5,2.97,15,1.2,15,2.0899999,0
1,1,4,3.4200001,10,1.4400001,10,2.4300001,0
1,1,8,2.1600001,15,0,19,1.08,1
1,1,9,2.26,14,1.1899999,13,1.72,1
0,1,4,3.5999999,14,1.1399999,15,2.3699999,0
0,1,9,2.4300001,15,1.3100001,15,1.87,1
0,0,6,4,11,3.6400001,16,3.8199999,0
0,0,1,1.85,12,.45000002,12,1.15,1
0,1,3,3.6900001,12,2.1400001,13,2.9200001,0
1,1,8,4,11,2.0899999,15,3.04,0
0,0,10,3.48,16,2.71,16,3.0999999,0
1,0,8,4,13,2.3599999,14,3.1800001,0
0,1,6,4,16,1.39,16,2.6900001,0
1,0,4,3.6800001,11,1.73,14,2.71,0
1,1,8,3.79,9,.85999995,19,2.3199999,0
0,1,6,.41999999,17,0,11,.20999999,1
0,1,6,2.95,13,1.9000001,16,2.4300001,0
1,0,6,3.96,18,1.7900001,13,2.8800001,0
1,0,4,4,18,3.75,18,3.8800001,0
0,1,4,3.48,17,2.4100001,15,2.95,0
0,1,8,2.3499999,18,.49999991,19,1.42,1
1,1,10,3.9000001,8,2.3300002,15,3.1199999,0
0,0,3,3.0599999,12,1.3499999,18,2.2,0
0,1,1,4,17,3.48,14,3.74,0
1,0,3,1.16,13,0,17,.57999998,1
0,0,2,4,14,1.5599999,14,2.78,0
0,0,10,3.1600001,13,2.22,17,2.6900001,0
1,1,2,3.97,12,3.96,18,3.97,0
0,1,6,2.1600001,11,2.3400002,12,2.25,0
1,1,3,4,17,3.98,18,3.99,0
0,1,1,4,12,3.51,12,3.75,0
0,0,2,3.3699999,12,.22999988,11,1.8,1
1,1,8,2.22,11,0,14,1.11,1
0,1,8,4,15,1.04,13,2.52,0
0,0,1,2.9400001,14,.56000006,11,1.75,1
1,0,4,3.1500001,13,.68000007,18,1.92,1
0,0,6,3.3900001,11,2.01,16,2.7,0
1,1,2,3.5,14,2,11,2.75,0
1,0,9,3.6400001,17,2.5900002,15,3.1199999,0
0,1,4,3.22,12,2.49,14,2.8599999,0
1,1,3,4,14,4,15,4,0
0,0,7,1.5700001,15,1.1900001,12,1.38,1
1,0,10,1.48,10,0,17,.74000001,1
1,1,8,4,16,3.47,12,3.74,0
0,1,4,2.51,12,.67000002,15,1.59,1
0,0,3,2.55,10,.77999997,13,1.66,1
1,0,6,2.78,13,2.3299999,16,2.55,0
0,1,4,4,12,3.21,17,3.6099999,0
0,0,7,4,16,.74000001,13,2.3699999,0
0,1,2,4,12,2.3099999,14,3.1500001,0
0,0,7,3.9400001,18,3.1600001,15,3.55,0
0,0,2,4,15,3.51,13,3.75,0
1,0,2,3.1199999,10,3.1399999,13,3.1300001,0
1,0,3,4,16,3.6400001,14,3.8199999,0
0,1,3,1.91,6,2.4200001,17,2.1700001,0
0,0,2,3.1600001,13,1.4100001,18,2.29,0
0,0,9,4,14,2.1300001,14,3.0699999,0
1,1,6,4,14,2.27,13,3.1300001,0
0,0,9,3.02,9,3.6199999,16,3.3199999,0
1,0,9,2.1199999,9,.40999988,16,1.26,1
0,1,4,2.4000001,17,2.74,9,2.5699999,0
0,0,5,4,15,2.27,13,3.1300001,0
0,1,8,4,15,3.05,16,3.52,0
1,0,6,2.9300001,14,1.5200001,18,2.23,0
1,0,2,3.3699999,17,1.7999998,10,2.5799999,0
0,1,0,4,18,3.1900001,17,3.5999999,0
0,1,8,2.8499999,15,1.6399999,13,2.24,0
0,0,6,2.6099999,15,.77999991,14,1.6900001,1
0,0,6,4,15,2.54,11,3.27,0
0,0,9,3.6099999,15,3.6299999,14,3.6199999,0
0,1,6,4,13,3.8800001,8,3.9400001,0
1,0,7,1.8,8,.59999996,18,1.2,1
1,1,1,4,14,2.73,18,3.3699999,0
0,0,1,2.8399999,13,1.1899999,19,2.01,1
0,0,6,2.9200001,19,1.7900001,13,2.3599999,0
1,1,1,4,17,2.27,9,3.1300001,0
0,1,1,3.3900001,18,2.8200002,11,3.1099999,0
0,1,8,4,14,2.3199999,17,3.1600001,0
0,1,2,2.79,17,2.25,15,2.52,0
1,0,5,4,14,2.2,9,3.0999999,0
0,1,1,3.1500001,19,1.7400001,10,2.45,0
0,1,4,3.0599999,13,1.9399999,14,2.5,0
1,0,2,4,15,2.8699999,18,3.4300001,0
0,1,1,2.98,14,.85000002,13,1.92,1
0,1,0,3.9400001,10,3.47,13,3.71,0
1,0,8,2.8,16,3.48,13,3.1400001,0
1,0,5,4,9,1.6,17,2.8,0
1,0,6,3.5799999,16,2.8099999,14,3.1900001,0
1,1,1,4,15,3.2,17,3.5999999,0
0,1,1,4,11,2.73,15,3.3699999,0
0,1,3,2.53,12,.44999996,13,1.49,1
1,1,6,2.3800001,14,.090000115,18,1.24,1
0,1,4,3.46,11,2.49,11,2.98,0
0,0,9,3.6300001,13,2.4200001,17,3.03,0
1,1,6,3.0699999,12,.78999996,12,1.9299999,1
0,0,1,1.91,11,1.92,12,1.91,1
1,1,9,4,13,3.8599999,14,3.9300001,0
1,0,9,2.8800001,15,2.1100001,16,2.5,0
0,1,3,.81,18,.56,15,.69,1
0,1,9,4,14,4,9,4,0
1,0,9,2.5699999,11,2.6099999,13,2.5899999,0
0,1,3,2.95,15,1.5400001,16,2.25,0
0,0,8,2.24,16,2.45,16,2.3499999,0
0,0,1,3.4400001,10,2.25,11,2.8499999,0
0,1,2,3.8499999,15,2.6499999,15,3.25,0
1,0,3,1.62,14,1.49,17,1.5599999,1
1,1,3,3.48,12,1.29,16,2.3800001,0
1,1,6,3.3199999,15,2.77,16,3.04,0
0,1,1,3.74,12,3.76,16,3.75,0
1,1,2,3.6600001,16,3.71,12,3.6900001,0
1,1,7,4,18,3.51,16,3.75,0
0,1,3,2.5,9,1.23,13,1.87,1
1,0,10,4,14,3.96,15,3.98,0
0,0,3,2.55,13,0,14,1.27,1
1,1,2,2.1199999,19,0,13,1.0599999,1
0,0,2,4,10,2.48,14,3.24,0
1,1,7,2.5,13,1.1799999,17,1.84,1
0,0,7,3.7,16,2.3099999,13,3,0
1,1,6,4,12,2.1600001,14,3.0799999,0
1,0,1,4,15,2.9400001,17,3.47,0
1,1,5,2.2,13,.060000047,15,1.13,1
0,1,5,4,15,4,13,4,0
0,0,2,4,14,2.6700001,15,3.3399999,0
1,0,1,1.8,15,0,15,.89999998,1
1,0,2,3.03,17,3.4200001,15,3.23,0
0,0,10,3.1300001,17,1.0800002,15,2.1099999,0
0,1,9,1.67,15,.16999996,14,.92000002,1
1,1,4,1.67,13,0,11,.82999998,1
0,1,2,3.9300001,9,3.9400001,14,3.9400001,0
0,1,1,3.9300001,13,3.8800001,15,3.9100001,0
1,0,4,4,15,1.77,16,2.8800001,0
1,1,3,4,18,2.6199999,16,3.3099999,0
1,1,4,3.3,13,1.3,10,2.3,0
1,1,5,2.8699999,17,1.0199999,16,1.9400001,1
1,1,4,4,11,3.3199999,12,3.6600001,0
1,1,6,4,16,3.5999999,14,3.8,0
0,1,9,3.71,15,3.6500001,11,3.6800001,0
1,1,2,3.71,7,2.75,12,3.23,0
1,1,1,4,13,3.98,14,3.99,0
0,1,2,2.1400001,13,1.4000001,13,1.77,1
0,0,4,3.6300001,14,2.1400001,14,2.8900001,0
0,0,8,3.02,13,3.03,13,3.02,0
0,0,4,2.29,17,1.87,13,2.0799999,0
0,1,9,4,13,3.53,6,3.76,0
0,0,3,3.5599999,17,3.8199999,18,3.6900001,0
0,1,9,3.9300001,17,1.49,16,2.71,0
1,1,3,4,9,1.58,12,2.79,0
0,0,2,4,16,3.0899999,15,3.54,0
1,0,5,3.26,17,2.4100001,14,2.8399999,0
0,0,5,4,14,2.3499999,12,3.1700001,0
0,0,6,2.1099999,12,0,18,1.05,1
1,0,1,4,17,3.1199999,15,3.5599999,0
1,1,6,4,8,2.99,7,3.5,0
1,1,0,4,13,4,18,4,0
0,1,0,3.3599999,12,2.3799999,11,2.8699999,0
1,0,8,2.75,15,1.6,16,2.1800001,0
1,0,3,3.23,14,1.83,16,2.53,0
0,1,6,3.8199999,13,2.3899999,14,3.0999999,0
1,1,6,1.95,8,1.85,17,1.9,1
1,0,9,3.1600001,17,3.0400002,15,3.0999999,0
0,0,10,2.8800001,16,1.0500001,11,1.97,1
1,1,9,3.3499999,16,.51999992,18,1.9299999,1
1,1,9,3.1600001,14,0,10,1.58,1
0,1,6,3.52,19,1.8299999,15,2.6700001,0
0,0,1,3.0599999,16,.66999996,15,1.86,1
1,0,4,4,14,3.0699999,13,3.53,0
1,0,4,3.5999999,11,1.9399999,15,2.77,0
0,0,8,2.6700001,14,1.6300001,16,2.1500001,0
0,0,1,4,9,4,14,4,0
1,1,1,3.05,14,1.01,10,2.03,0
0,1,8,4,17,3.5999999,18,3.8,0
1,1,0,4,14,3.22,17,3.6099999,0
0,0,8,4,15,3.6700001,11,3.8399999,0
1,0,9,3.8199999,10,3.3199999,13,3.5699999,0
1,1,3,2.49,12,2.73,13,2.6099999,0
1,0,8,4,13,2.53,17,3.26,0
1,0,7,4,13,2.1099999,13,3.05,0
1,0,4,3.71,16,1.64,13,2.6800001,0
1,1,7,2.8199999,16,.5999999,16,1.71,1
0,1,9,3.98,15,2.8399999,17,3.4100001,0
1,0,7,2.46,12,.71000004,15,1.59,1
1,1,7,3.1800001,17,3.45,14,3.3199999,0
0,0,3,4,14,2.97,14,3.49,0
1,1,10,2.9400001,14,1.5,11,2.22,0
0,1,5,3.7,12,2.5900002,13,3.1500001,0
0,1,3,4,17,3.8900001,14,3.95,0
1,1,3,4,17,2.0699999,10,3.03,0
1,0,9,2.48,19,1.03,18,1.75,1
0,0,1,2.9300001,13,2.9400001,13,2.9400001,0
1,0,7,2.27,13,0,12,1.13,1
0,1,5,2.96,12,2.4200001,10,2.6900001,0
1,0,8,3.55,14,1.5,13,2.52,0
0,1,10,1.98,16,.64000005,14,1.3099999,1
0,0,3,4,15,2.3199999,13,3.1600001,0
0,0,7,4,11,4,16,4,0
0,0,2,3.78,13,3.6600001,10,3.72,0
0,1,9,2.51,11,.92000002,15,1.72,1
1,0,6,3.6600001,15,1.8900001,10,2.78,0
1,0,4,4,14,2.6099999,12,3.3,0
0,1,2,4,17,3.1400001,10,3.5699999,0
0,1,8,4,10,2.8599999,14,3.4300001,0
1,1,2,4,15,2.48,14,3.24,0
1,0,3,1.83,15,.050000042,10,.94,1
0,0,7,3.3599999,12,.37999991,14,1.87,1
1,0,5,4,15,3.1900001,17,3.5999999,0
0,0,3,2.5599999,14,1.14,13,1.85,1
0,0,5,2.9200001,11,2.3200002,11,2.6199999,0
0,0,9,3.05,16,.37999997,14,1.71,1
1,0,9,2.78,14,3.24,14,3.01,0
0,0,10,3.3299999,17,1.5099999,10,2.4200001,0
0,1,6,1.33,12,.90000004,13,1.12,1
0,0,4,1.64,13,.90999997,14,1.27,1
0,0,3,4,11,3.24,13,3.6199999,0
0,0,2,2.3800001,8,1.7500001,16,2.0699999,0
1,1,2,2.4100001,17,1.1200001,12,1.77,1
0,1,6,4,13,4,10,4,0
0,1,10,4,14,2.8299999,17,3.4100001,0
1,0,4,4,11,1.78,11,2.8900001,0
1,1,0,4,17,3.96,9,3.98,0
0,0,1,1.54,11,1.52,13,1.53,1
1,1,0,2.1300001,13,.10000011,14,1.12,1
0,1,9,1.87,11,.25999999,16,1.0599999,1
0,0,1,4,13,3.0799999,16,3.54,0
0,0,8,2.1800001,15,3.1300001,16,2.6600001,0
1,1,7,2.8800001,10,0,14,1.4400001,1
1,1,8,3.1600001,16,2.5900002,16,2.8800001,0
1,0,5,1.99,16,1.53,16,1.76,1
0,1,2,4,9,2.45,18,3.23,0
0,0,5,4,12,3.6800001,12,3.8399999,0
0,1,9,3.72,11,1.5600001,7,2.6400001,0
0,1,6,4,15,1.1,18,2.55,0
0,1,6,3.99,18,3.3,13,3.6400001,0
0,0,3,1.85,15,2.04,11,1.9400001,1
1,0,1,3.05,14,2.03,14,2.54,0
1,1,0,3.1300001,17,0,16,1.5700001,1
1,0,8,1.01,16,0,15,.5,1
1,1,5,3.79,13,1.0699999,15,2.4300001,0
0,1,0,3.3900001,14,2.4100001,10,2.9000001,0
1,1,6,2.24,11,1.37,11,1.8099999,1
1,1,1,3.5599999,9,2,17,2.78,0
0,1,4,1.38,16,.88,14,1.13,1
1,0,9,4,13,2.6099999,13,3.3,0
0,1,5,3.95,15,3.45,9,3.7,0
1,0,4,3.6900001,13,2.3300002,13,3.01,0
0,1,9,2.3199999,16,1.77,15,2.04,0
0,0,3,3.3499999,12,1.9399999,13,2.6400001,0
1,0,7,4,17,2.6700001,10,3.3399999,0
1,0,5,2.9200001,14,1.3800001,19,2.1500001,0
0,1,4,4,17,3.3399999,18,3.6700001,0
1,0,7,3.28,7,2,18,2.6400001,0
1,0,3,4,12,3.5999999,13,3.8,0
1,1,5,2.1900001,13,0,17,1.1,1
0,0,4,3.21,14,0,16,1.61,1
1,0,9,3.3599999,16,.50999987,10,1.9299999,1
0,1,1,1.12,6,0,13,.56,1
1,0,6,3.8099999,13,2.72,12,3.26,0
1,1,6,3.49,12,2.52,11,3,0
0,1,8,2.5,14,2.51,9,2.5,0
1,0,8,2.0699999,12,1.9699999,12,2.02,0
1,0,7,4,13,3.78,14,3.8900001,0
1,1,6,2.71,19,1.77,15,2.24,0
0,0,6,3.55,14,2.9400001,9,3.25,0
1,1,1,2.53,10,.57999998,19,1.55,1
0,0,3,3.4300001,18,1.1400001,12,2.29,0
1,0,9,1.88,12,1.45,9,1.67,1
1,0,5,2.6700001,16,1.5200001,11,2.0999999,0
0,0,3,3.22,9,3.1400001,13,3.1800001,0
1,0,3,4,11,2.6700001,12,3.3399999,0
0,1,10,4,17,3.3299999,9,3.6600001,0
1,1,4,2.6700001,10,1.46,6,2.0699999,0
0,0,2,2.0799999,8,.9799999,17,1.53,1
0,0,9,4,16,2.97,9,3.49,0
1,0,9,3.99,16,2.8099999,16,3.4000001,0
1,0,4,3.26,16,2.9400001,14,3.0999999,0
0,0,2,3.0799999,14,2.3499999,13,2.71,0
1,0,2,2.6600001,14,2.5500002,10,2.6099999,0
0,1,6,3.1900001,13,1.72,16,2.46,0
0,0,1,4,13,2.5899999,12,3.29,0
0,0,8,2.78,16,1.1,12,1.9400001,1
0,1,0,2.9300001,13,2.6900001,18,2.8099999,0
1,1,6,2.9000001,16,2.5800002,12,2.74,0
1,0,8,4,18,3.5599999,13,3.78,0
1,0,2,1.28,12,1.41,10,1.34,1
0,0,7,4,17,3.3299999,18,3.6600001,0
0,1,6,3.25,15,.44,12,1.84,1
0,0,5,4,15,2.0799999,12,3.04,0
1,0,2,4,12,3.9100001,10,3.96,0
0,1,1,4,14,3.76,13,3.8800001,0
0,1,4,1.97,14,2.02,14,2,1
1,1,5,4,16,3.6400001,18,3.8199999,0
1,1,4,4,11,2.4300001,14,3.22,0
1,0,1,4,17,2.28,16,3.1400001,0
0,1,9,2.8299999,13,2.4499998,13,2.6400001,0
0,0,6,3.1099999,13,2.24,12,2.6700001,0
0,0,5,3.0599999,13,2.21,8,2.6300001,0
0,0,4,4,10,2.79,13,3.3900001,0
0,0,5,4,12,3.96,10,3.98,0
1,1,2,4,17,3.5899999,10,3.79,0
1,1,2,2.6900001,14,1.5700001,19,2.1300001,0
1,1,6,3.3099999,12,3.1099999,10,3.21,0
0,0,1,4,18,3.6800001,16,3.8399999,0
1,1,6,3.6300001,12,2.5400002,15,3.0899999,0
0,1,4,2.96,15,.33000004,12,1.65,1
0,0,9,4,11,1.66,15,2.8299999,0
0,0,5,2.3499999,13,.079999901,13,1.21,1
1,0,1,3.5599999,13,3.5699999,18,3.5599999,0
0,1,6,2.6700001,16,2.75,14,2.71,0
1,0,6,2.5999999,13,0,17,1.3,1
1,1,0,3.5999999,17,1.5099999,10,2.55,0
0,0,1,2.9400001,11,.010000058,15,1.48,1
0,0,3,2.9300001,14,0,15,1.47,1
0,0,1,1.48,10,.5,15,.99000001,1
0,1,2,4,17,3.4000001,11,3.7,0
0,1,9,3.1500001,10,3.2900002,11,3.22,0
0,0,0,1.25,10,.31,16,.77999997,1
0,1,2,4,10,3.98,16,3.99,0
1,1,9,1.28,19,.67999995,15,.98000002,1
1,0,6,4,19,3.4000001,7,3.7,0
1,1,10,1.91,13,1.1799999,14,1.54,1
0,1,2,4,17,2.75,12,3.3800001,0
0,0,2,3.9400001,15,3.4300001,11,3.6900001,0
1,0,6,4,18,3.97,16,3.99,0
1,1,3,3.24,16,3.0999999,13,3.1700001,0
0,1,4,3.5699999,14,2.8,8,3.1800001,0
1,1,2,4,15,2.5799999,13,3.29,0
0,0,4,2.98,12,1.5,12,2.24,0
1,0,4,2.72,10,2.26,18,2.49,0
1,1,7,3.6099999,13,1.9799999,19,2.79,0
1,1,4,3.01,16,2.8399999,9,2.9200001,0
1,1,1,4,16,3.8199999,16,3.9100001,0
1,0,10,3.9200001,16,3.73,16,3.8299999,0
1,1,1,2.8299999,14,3.21,14,3.02,0
0,0,2,2.76,12,0,10,1.38,1
0,1,9,4,16,3.03,16,3.51,0
1,0,8,2.78,13,1.01,10,1.89,1
1,0,4,2.1600001,17,.41000009,15,1.29,1
1,0,10,4,10,3.6700001,18,3.8399999,0
1,0,5,1.95,13,0,10,.98000002,1
1,0,2,1.26,19,.61000001,13,.94,1
1,0,5,4,11,2.6700001,16,3.3399999,0
1,1,2,4,10,2.5999999,13,3.3,0
1,1,4,1.88,9,0,11,.94,1
1,0,3,4,14,2.27,13,3.1300001,0
0,0,5,4,17,1.87,9,2.9400001,0
1,0,3,3.71,19,3.0599999,18,3.3800001,0
1,1,1,4,13,3.3499999,12,3.6700001,0
0,0,8,3.1400001,15,.82000011,13,1.98,1
1,1,10,3.4100001,16,1.7700001,10,2.5899999,0
1,1,8,1.76,16,1.33,12,1.55,1
0,0,2,3.1700001,19,3.1000001,18,3.1400001,0
1,1,5,4,16,3.02,15,3.51,0
1,0,4,3.3399999,12,.63999993,9,1.99,1
0,0,2,3.22,18,1.9,13,2.5599999,0
1,1,2,3.5599999,11,3.6900001,15,3.6300001,0
0,0,5,3.47,16,2.9000001,15,3.1900001,0
0,0,7,3.6500001,14,1.45,17,2.55,0
1,0,5,1.85,11,1.73,16,1.79,1
1,1,0,3.27,17,2.3099999,16,2.79,0
0,1,4,4,11,3.0699999,8,3.53,0
1,1,6,3.3099999,16,3.5599999,11,3.4300001,0
1,0,5,4,14,4,17,4,0
0,1,3,3.4100001,15,1.21,15,2.3099999,0
0,0,8,3.0699999,13,2.1699998,14,2.6199999,0
1,1,9,3,13,2.6700001,17,2.8399999,0
0,0,7,4,14,1.55,7,2.77,0
1,0,9,2.77,10,2.0899999,18,2.4300001,0
1,1,2,4,9,2.4300001,10,3.22,0
0,1,9,2.8499999,14,.6099999,14,1.73,1
1,0,4,3.8499999,17,3.76,11,3.8,0
0,1,9,3.7,14,3.5599999,11,3.6300001,0
1,1,2,3.6800001,14,2.4400001,18,3.0599999,0
1,1,10,3.05,14,2.45,8,2.75,0
1,0,5,3.03,12,1.55,9,2.29,0
1,1,7,2.6099999,12,1.1299999,10,1.87,1
0,0,7,4,12,1.72,9,2.8599999,0
0,0,3,1.48,14,1.6700001,16,1.58,1
0,1,5,3.8,13,3.3499999,14,3.5699999,0
0,1,9,2.3599999,14,1.2099999,12,1.78,1
1,0,8,2.4400001,10,2.3,19,2.3699999,0
1,1,10,3.99,12,2.95,17,3.47,0
1,0,9,2.71,12,3.29,17,3,0
0,0,1,2.8800001,18,2.7,17,2.79,0
1,1,6,3.26,16,1.47,15,2.3699999,0
1,0,2,3.8399999,13,3.55,14,3.6900001,0
0,0,5,4,12,.63999999,16,2.3199999,0
0,1,2,3.98,16,2.3199999,14,3.1500001,0
1,0,10,4,12,4,10,4,0
1,0,10,2.1099999,15,.49999988,11,1.3,1
0,1,2,4,17,3.95,13,3.98,0
1,1,6,2.95,16,1.4100001,16,2.1800001,0
1,0,5,2.21,15,2.3099999,14,2.26,0
1,0,4,3.28,15,1.14,16,2.21,0
0,1,2,2.77,14,2.6800001,13,2.73,0
0,1,5,1.36,19,0,7,.68000001,1
0,0,5,4,12,2.45,14,3.23,0
1,0,7,4,17,2.1300001,16,3.0699999,0
0,1,4,3.52,15,.63,11,2.0699999,0
1,1,10,2.6099999,10,2.05,13,2.3299999,0
0,0,3,4,14,1.6900001,16,2.8499999,0
1,1,5,1.45,14,0,8,.73000002,1
1,0,1,2.1199999,12,.75999987,17,1.4400001,1
0,1,2,2.47,14,1.15,15,1.8099999,1
0,0,3,3.97,16,1.84,17,2.9100001,0
1,0,9,3.1400001,13,1.8700001,12,2.51,0
1,1,8,4,11,3.95,18,3.98,0
0,1,2,4,14,2.45,11,3.23,0
1,0,9,4,15,3.28,15,3.6400001,0
0,1,4,4,17,1.46,15,2.73,0
1,0,4,3.4100001,16,2.21,17,2.8099999,0
1,1,6,2.7,19,1.37,15,2.04,0
1,0,1,3.8299999,16,3.76,15,3.79,0
1,0,5,3.46,7,1.77,17,2.6199999,0
0,0,2,4,15,2.3,15,3.1500001,0
1,0,7,4,14,4,17,4,0
0,0,4,2.8099999,11,2.1399999,18,2.47,0
1,1,5,3.3399999,12,.62999994,15,1.98,1
0,1,8,2.98,7,2.55,15,2.76,0
1,0,9,2.0999999,16,0,17,1.05,1
0,1,0,1.9299999,12,.25999996,12,1.09,1
0,0,6,2.9300001,15,3.3200002,15,3.1300001,0
1,0,2,3.8099999,13,2.55,7,3.1800001,0
0,0,6,3.47,15,.61000001,11,2.04,0
1,1,5,3.6099999,15,2.02,8,2.8099999,0
0,0,8,3.1600001,15,1.3500001,17,2.26,0
1,0,4,1.04,17,.0099999616,14,.51999998,1
1,1,6,4,10,2.0699999,14,3.03,0
0,0,4,2.75,14,2.3699999,13,2.5599999,0
0,0,2,2.4100001,13,1.5200001,16,1.97,1
1,1,4,3.24,10,1.49,16,2.3699999,0
0,1,1,3.05,14,1.88,17,2.46,0
0,0,7,4,19,3.75,15,3.8800001,0
0,1,0,2.3099999,14,.76999992,8,1.54,1
1,0,6,3.47,9,1.6900001,18,2.5799999,0
1,1,3,3.25,13,1.35,14,2.3,0
1,1,9,3.47,18,.65000004,14,2.0599999,0
1,1,3,3.1300001,10,1.5400001,9,2.3399999,0
0,1,0,2.6400001,5,1.6100001,16,2.1300001,0
1,0,6,3.3099999,17,1.41,18,2.3599999,0
0,1,9,3.22,14,3.6300001,19,3.4300001,0
0,0,3,4,19,4,19,4,0
0,0,2,4,9,3.98,13,3.99,0
0,1,1,2.6600001,10,1.21,13,1.9400001,1
1,0,2,3.6500001,19,1.2700001,9,2.46,0
1,0,0,3.4000001,16,3.3100002,16,3.3599999,0
1,1,9,2.78,18,.10999997,18,1.4400001,1
0,0,9,2.7,12,1.22,11,1.96,1
1,0,9,3.76,16,3.1800001,18,3.47,0
0,0,8,4,15,4,14,4,0
1,1,9,3.97,9,2.97,16,3.47,0
1,1,8,4,19,2.96,15,3.48,0
1,0,1,3.28,11,.30999997,13,1.79,1
0,0,8,2.3299999,17,1.5899999,8,1.96,1
0,1,5,3.0999999,11,1.8699999,13,2.48,0
1,0,7,3.1800001,17,1.5600001,18,2.3699999,0
1,0,9,3.9300001,15,3.3,12,3.6199999,0
0,0,1,3.1199999,17,1.3099999,15,2.21,0
1,1,3,1.37,13,0,12,.69,1
0,1,6,4,15,2.3800001,10,3.1900001,0
1,1,7,1.29,6,.33999997,12,.81,1
0,1,1,4,16,2.5999999,18,3.3,0
0,0,4,4,17,.69999999,15,2.3499999,0
0,1,1,2.1900001,15,1.24,10,1.72,1
0,0,9,2.05,7,1.3099999,15,1.6799999,1
1,1,1,2.04,10,1.01,11,1.52,1
0,1,6,4,10,3.3199999,13,3.6600001,0
1,1,0,4,10,3.97,17,3.99,0
1,0,3,2.47,13,1.8100001,12,2.1400001,0
0,0,4,3.54,12,2.49,18,3.01,0
1,1,6,3.03,11,2.6600001,9,2.8499999,0
0,1,6,2.1500001,15,0,15,1.08,1
0,1,3,3.3099999,18,.86999995,13,2.0899999,0
1,0,8,4,13,.66000003,12,2.3299999,0
1,1,3,3.76,15,2.0999999,11,2.9300001,0
1,0,9,4,16,3.1600001,15,3.5799999,0
1,1,1,2.22,15,2.1200001,13,2.1700001,0
0,1,4,3.0899999,15,1.9299999,16,2.51,0
1,0,1,4,17,3.01,18,3.5,0
1,1,4,3.74,10,3.8199999,12,3.78,0
0,1,7,1.53,14,1.38,10,1.45,1
1,1,10,2.72,15,1.6800001,15,2.2,0
0,1,0,4,17,2.3800001,15,3.1900001,0
0,1,10,2.7,17,.37000003,19,1.54,1
0,1,8,3.26,11,2.1099999,14,2.6800001,0
0,1,8,3.3399999,18,1.5699999,12,2.45,0
1,0,7,4,15,3.95,19,3.98,0
1,1,0,1.91,15,1.67,16,1.79,1
1,1,1,3.02,13,.62,10,1.8200001,1
1,1,2,3.46,16,2.1800001,11,2.8199999,0
0,1,5,2.99,15,2.5599999,17,2.77,0
0,1,8,3.9300001,19,3.9100001,12,3.9200001,0
1,1,2,4,9,4,12,4,0
1,1,6,2.6300001,15,.8300001,13,1.73,1
0,0,9,1.92,16,.14999996,16,1.03,1
0,0,3,3.03,14,3.73,8,3.3800001,0
0,1,8,2.24,10,.51999998,17,1.38,1
0,0,3,3.1600001,19,3.0800002,14,3.1199999,0
1,1,4,4,15,3.1500001,13,3.5799999,0
